Serial Number,Main Topic,Sub-Topic,Sub-Sub-Topic,Image Title,Image Alt Text,Image Caption ,Image Description,Page Title,Page Meta Description,Short Description,Long Description
," International relations (e.g., US-China dynamics)",,,,,,,,,,
, Climate change policies,,,,,,,,,,
," Geopolitical tensions (e.g., Russia-Ukraine war)",,,,,,,,,,
, Global trade and tariffs,,,,,,,,,,
, Rise of populism in politics,,,,,,,,,,
, Political corruption and accountability,,,,,,,,,,
, Election processes worldwide,,,,,,,,,,
, Democracy vs authoritarianism,,,,,,,,,,
, Role of the United Nations,,,,,,,,,,
, Emerging global powers,,,,,,,,,,
, Cryptocurrency trends,,,,,,,,,,
, Stock market volatility,,,,,,,,,,
, Inflation and cost of living crises,,,,,,,,,,
, Global recession fears,,,,,,,,,,
, Trade agreements and disputes,,,,,,,,,,
, Labor market transformations,,,,,,,,,,
, Gig economy growth,,,,,,,,,,
, Corporate social responsibility,,,,,,,,,,
, Impact of AI on jobs,,,,,,,,,,
, Wealth inequality,,,,,,,,,,
, Artificial Intelligence and ethics,,,,,,,,,,
," Space exploration and privatization (e.g., SpaceX)",,,,,,,,,,
, Advances in quantum computing,,,,,,,,,,
, Gene editing technologies,,,,,,,,,,
, Renewable energy advancements,,,,,,,,,,
, Internet of Things (IoT),,,,,,,,,,
, Autonomous vehicles,,,,,,,,,,
, Cybersecurity threats,,,,,,,,,,
, Digital privacy concerns,,,,,,,,,,
, Blockchain applications beyond cryptocurrency,,,,,,,,,,
, COVID-19 long-term impacts,,,,,,,,,,
, Advances in cancer research,,,,,,,,,,
, Mental health awareness,,,,,,,,,,
, Telemedicine growth,,,,,,,,,,
, Global vaccine distribution,,,,,,,,,,
, Health inequalities,,,,,,,,,,
, Antibiotic resistance,,,,,,,,,,
, Obesity and diet-related diseases,,,,,,,,,,
, Innovations in medical devices,,,,,,,,,,
, Breakthroughs in neuroscience,,,,,,,,,,
, Renewable energy adoption,,,,,,,,,,
, Ocean pollution,,,,,,,,,,
, Deforestation in the Amazon,,,,,,,,,,
, Climate activism movements,,,,,,,,,,
, Biodiversity loss,,,,,,,,,,
, Food security and sustainability,,,,,,,,,,
, Water scarcity,,,,,,,,,,
, Urban sustainability innovations,,,,,,,,,,
, Circular economy concepts,,,,,,,,,,
, Role of big businesses in climate action,,,,,,,,,,
, Education and Learning,,,,,,,,,,
, Student debt crisis,,,,,,,,,,
, STEM education promotion,,,,,,,,,,
, Equity in education,,,,,,,,,,
, AI in education,,,,,,,,,,
, Future of traditional universities,,,,,,,,,,
, Digital literacy,,,,,,,,,,
, Homeschooling trends,,,,,,,,,,
, Role of arts in education,,,,,,,,,,
, Global education standards,,,,,,,,,,
," Streaming wars (e.g., Netflix vs Disney+)",,,,,,,,,,
, AI-generated art and creativity,,,,,,,,,,
, Representation in media,,,,,,,,,,
, Global influence of K-pop,,,,,,,,,,
, Rise of regional cinema,,,,,,,,,,
, Revival of classic art forms,,,,,,,,,,
, Evolution of journalism,,,,,,,,,,
, Influence of meme culture,,,,,,,,,,
, Modern literature trends,,,,,,,,,,
, Global music industry shifts,,,,,,,,,,
, Gender equality,,,,,,,,,,
, Racial justice movements,,,,,,,,,,
, LGBTQ+ rights worldwide,,,,,,,,,,
, Refugee and migration crises,,,,,,,,,,
, Aging population challenges,,,,,,,,,,
, Digital divide in societies,,,,,,,,,,
, Urbanization effects,,,,,,,,,,
, Homelessness and housing crises,,,,,,,,,,
, Wealth redistribution policies,,,,,,,,,,
, Cultural preservation in globalization,,,,,,,,,,
, Olympic Games controversies,,,,,,,,,,
, FIFA World Cup trends,,,,,,,,,,
, Rise of eSports,,,,,,,,,,
, Pay equality in sports,,,,,,,,,,
, Sports and mental health,,,,,,,,,,
, Role of technology in sports,,,,,,,,,,
, Doping scandals,,,,,,,,,,
, Fan culture and hooliganism,,,,,,,,,,
, Inclusivity in sports,,,,,,,,,,
, Extreme sports popularity,,,,,,,,,,
, Social media's influence on elections,,,,,,,,,,
, Misinformation and fake news,,,,,,,,,,
, Online censorship,,,,,,,,,,
, Rise of influencer culture,,,,,,,,,,
, Digital detox trends,,,,,,,,,,
, Cyberbullying awareness,,,,,,,,,,
, Virtual reality adoption,,,,,,,,,,
, 5G rollout worldwide,,,,,,,,,,
, Tech addiction concerns,,,,,,,,,,
, Role of big tech companies in society,,,,,,,,,,
, Criminal justice reform,,,,,,,,,,
, Human rights violations,,,,,,,,,,
, Death penalty debates,,,,,,,,,,
, Global war crimes tribunals,,,,,,,,,,
, Intellectual property rights in the digital age,,,,,,,,,,
, Surveillance laws and privacy,,,,,,,,,,
, Cybercrime and international law,,,,,,,,,,
, Freedom of speech controversies,,,,,,,,,,
, Labor rights movements,,,,,,,,,,
, Anti-trust and monopolistic practices,,,,,,,,,,
, Ethics of artificial intelligence,,,,,,,,,,
, Existential risks to humanity,,,,,,,,,,
, Postmodernism and its critiques,,,,,,,,,,
, Philosophy of science,,,,,,,,,,
, Debates on free will vs determinism,,,,,,,,,,
, The ethics of biotechnology,,,,,,,,,,
, Universal morality vs cultural relativism,,,,,,,,,,
, Impact of religion on modern ethics,,,,,,,,,,
, Ethical consumption in a global economy,,,,,,,,,,
, Philosophy of technology,,,,,,,,,,
, Growth of atheism,,,,,,,,,,
, Interfaith dialogue initiatives,,,,,,,,,,
, Role of religion in politics,,,,,,,,,,
, Revival of ancient spiritual practices,,,,,,,,,,
, Secularism and its global impact,,,,,,,,,,
, Religious extremism,,,,,,,,,,
, New religious movements,,,,,,,,,,
, Spirituality in the digital age,,,,,,,,,,
, Religious tourism,,,,,,,,,,
, Religion and mental health,,,,,,,,,,
, Nuclear disarmament,,,,,,,,,,
, Drone warfare,,,,,,,,,,
, Military AI and robotics,,,,,,,,,,
, Defense budgets and spending,,,,,,,,,,
, Modernizing military infrastructure,,,,,,,,,,
, International arms trade,,,,,,,,,,
, Veteran welfare issues,,,,,,,,,,
, Global terrorism trends,,,,,,,,,,
, Space-based military technologies,,,,,,,,,,
, Peacekeeping missions and challenges,,,,,,,,,,
, Rise of electric vehicles,,,,,,,,,,
, Hyperloop development,,,,,,,,,,
, Smart cities and infrastructure,,,,,,,,,,
, Global high-speed rail projects,,,,,,,,,,
, Autonomous ships and maritime transport,,,,,,,,,,
, Public transport accessibility,,,,,,,,,,
, Urban traffic management systems,,,,,,,,,,
, EV battery recycling,,,,,,,,,,
, Air travel sustainability,,,,,,,,,,
, Innovations in freight logistics,,,,,,,,,,
, Vertical farming trends,,,,,,,,,,
, Lab-grown meat,,,,,,,,,,
, Global food security challenges,,,,,,,,,,
, Precision agriculture technologies,,,,,,,,,,
, Organic farming movements,,,,,,,,,,
, Impact of GMOs on agriculture,,,,,,,,,,
, Agricultural policy reform,,,,,,,,,,
, Agroecology practices,,,,,,,,,,
, Role of AI in farming,,,,,,,,,,
, Indigenous agricultural techniques,,,,,,,,,,
, Nuclear energy debates,,,,,,,,,,
, Global energy poverty,,,,,,,,,,
, Transition to green hydrogen,,,,,,,,,,
, Carbon capture technologies,,,,,,,,,,
, Lithium mining for batteries,,,,,,,,,,
, Solar energy breakthroughs,,,,,,,,,,
, Fossil fuel dependency,,,,,,,,,,
, Water desalination advancements,,,,,,,,,,
, Rare earth element geopolitics,,,,,,,,,,
, Microgrids for rural electrification,,,,,,,,,,
, Decolonization narratives,,,,,,,,,,
, World War II legacy,,,,,,,,,,
, Preservation of world heritage sites,,,,,,,,,,
, Rediscovery of ancient civilizations,,,,,,,,,,
, Historical revisionism,,,,,,,,,,
, Impact of industrial revolutions,,,,,,,,,,
, Rise and fall of empires,,,,,,,,,,
, Modern relevance of historical texts,,,,,,,,,,
, Cultural memory and identity,,,,,,,,,,
, Role of museums in modern society,,,,,,,,,,
, Social media and dopamine addiction,,,,,,,,,,
, Generational differences in values,,,,,,,,,,
, Role of community in mental well-being,,,,,,,,,,
, Rise of self-help culture,,,,,,,,,,
, Impact of urban living on mental health,,,,,,,,,,
, Collective trauma from pandemics,,,,,,,,,,
, The psychology of leadership,,,,,,,,,,
, Influence of peer groups on identity,,,,,,,,,,
, Global loneliness epidemic,,,,,,,,,,
, Sociology of online communities,,,,,,,,,,
, Search for extraterrestrial life,,,,,,,,,,
, Mars colonization efforts,,,,,,,,,,
, James Webb Space Telescope discoveries,,,,,,,,,,
, Privatization of space travel,,,,,,,,,,
, Asteroid mining,,,,,,,,,,
, Space debris and cleanup,,,,,,,,,,
, Moon missions and lunar bases,,,,,,,,,,
, Dark matter and dark energy,,,,,,,,,,
, Space law and governance,,,,,,,,,,
, Interstellar travel concepts,,,,,,,,,,
, Rise of anime in global entertainment,,,,,,,,,,
, Evolution of video games as art,,,,,,,,,,
, Cultural appropriation in fashion,,,,,,,,,,
, Global influence of Bollywood,,,,,,,,,,
, Popularity of streaming services,,,,,,,,,,
, Impact of celebrity culture,,,,,,,,,,
, Revival of retro styles,,,,,,,,,,
, Music festivals and their cultural impact,,,,,,,,,,
, Globalization of sports entertainment,,,,,,,,,,
, Independent content creators,,,,,,,,,,
, Brain-computer interfaces,,,,,,,,,,
, Transhumanism and future humans,,,,,,,,,,
, Advanced robotics in daily life,,,,,,,,,,
, Digital twins in engineering,,,,,,,,,,
, Holography for communication,,,,,,,,,,
, Smart home ecosystems,,,,,,,,,,
, Biometric security systems,,,,,,,,,,
, Nanotechnology applications,,,,,,,,,,
, Edge computing growth,,,,,,,,,,
, Future of the Metaverse,,,,,,,,,,
, Post-pandemic tourism recovery,,,,,,,,,,
, Sustainable travel practices,,,,,,,,,,
, Digital nomad lifestyles,,,,,,,,,,
, Space tourism accessibility,,,,,,,,,,
, Underwater exploration technologies,,,,,,,,,,
, Adventure travel trends,,,,,,,,,,
, Cultural immersion experiences,,,,,,,,,,
, Revitalization of historic landmarks,,,,,,,,,,
, Solo travel as a growing trend,,,,,,,,,,
, Wildlife safaris and eco-tourism,,,,,,,,,,
, Impact of AI on writing and creativity,,,,,,,,,,
, Global literacy campaigns,,,,,,,,,,
, Banned books debates,,,,,,,,,,
, Revival of poetry in popular culture,,,,,,,,,,
, Intersection of science and literature,,,,,,,,,,
, Growth of graphic novels,,,,,,,,,,
, Literary criticism in the digital age,,,,,,,,,,
, Role of literature in activism,,,,,,,,,,
," New publishing models (e.g., self-publishing)",,,,,,,,,,
, Cross-cultural literary exchanges,,,,,,,,,,
, Feminism in the 21st century,,,,,,,,,,
, Role of men in gender equality,,,,,,,,,,
, LGBTQ+ representation in media,,,,,,,,,,
, Gender roles in different cultures,,,,,,,,,,
, Transgender rights worldwide,,,,,,,,,,
, Intersectionality in gender studies,,,,,,,,,,
, Gender-neutral language trends,,,,,,,,,,
, Queer history and archives,,,,,,,,,,
, Sexual health education,,,,,,,,,,
, Non-binary and gender-fluid identities,,,,,,,,,,
, Land rights and sovereignty,,,,,,,,,,
, Preservation of Indigenous languages,,,,,,,,,,
, Representation in politics,,,,,,,,,,
, Indigenous knowledge systems,,,,,,,,,,
, Cultural appropriation of traditions,,,,,,,,,,
, Environmental stewardship by Indigenous communities,,,,,,,,,,
, Access to healthcare in remote areas,,,,,,,,,,
, Economic empowerment of Indigenous people,,,,,,,,,,
, Colonization and its lasting impacts,,,,,,,,,,
, Indigenous art and storytelling,,,,,,,,,,
, Rise of DIY culture,,,,,,,,,,
, Growth of board gaming communities,,,,,,,,,,
, Collecting vintage memorabilia,,,,,,,,,,
, Gardening for mental health,,,,,,,,,,
, Amateur astronomy,,,,,,,,,,
, Drone racing as a sport,,,,,,,,,,
, Craft beer and brewing at home,,,,,,,,,,
, The resurgence of vinyl records,,,,,,,,,,
, Home aquariums and aquascaping,,,,,,,,,,
, Popularity of escape rooms,,,,,,,,,,
, Conservation of endangered species,,,,,,,,,,
, Exotic pets and ethical concerns,,,,,,,,,,
, Wildlife trafficking and poaching,,,,,,,,,,
, Human-wildlife conflict management,,,,,,,,,,
, Rise of urban wildlife populations,,,,,,,,,,
, Animal rights movements,,,,,,,,,,
, Veterinary advancements,,,,,,,,,,
, Rewilding initiatives,,,,,,,,,,
, Role of zoos in conservation,,,,,,,,,,
, Ethical hunting and fishing,,,,,,,,,,
, Rise of sustainable fashion,,,,,,,,,,
, Fast fashion vs slow fashion,,,,,,,,,,
, Role of influencers in fashion trends,,,,,,,,,,
, Minimalism as a lifestyle,,,,,,,,,,
, Streetwear culture,,,,,,,,,,
, Virtual fashion in the Metaverse,,,,,,,,,,
, Second-hand clothing market growth,,,,,,,,,,
, Fusion of traditional and modern fashion,,,,,,,,,,
, Inclusivity in fashion,,,,,,,,,,
, Personal branding through style,,,,,,,,,,
, Accessibility in urban planning,,,,,,,,,,
, Assistive technology for disabilities,,,,,,,,,,
, Representation of disabilities in media,,,,,,,,,,
, Inclusive education practices,,,,,,,,,,
, Disability rights movements,,,,,,,,,,
, Challenges of invisible disabilities,,,,,,,,,,
, Neurodiversity in the workplace,,,,,,,,,,
, Adaptive sports innovations,,,,,,,,,,
, Disability and travel accessibility,,,,,,,,,,
, Sign language recognition globally,,,,,,,,,,
, Impact of social media on Gen Z,,,,,,,,,,
, Activism among younger generations,,,,,,,,,,
, Mental health challenges for youth,,,,,,,,,,
, Youth unemployment rates,,,,,,,,,,
, Education access in remote areas,,,,,,,,,,
, Role of TikTok in youth culture,,,,,,,,,,
, Differences in parenting styles,,,,,,,,,,
, Student movements around the world,,,,,,,,,,
, Volunteerism among youth,,,,,,,,,,
, Generational wealth gaps,,,,,,,,,,
, Loneliness among older adults,,,,,,,,,,
, Advances in geriatric healthcare,,,,,,,,,,
, Ageism in the workplace,,,,,,,,,,
, Innovations in elderly care homes,,,,,,,,,,
, Active aging movements,,,,,,,,,,
, Digital literacy for seniors,,,,,,,,,,
, Dementia and Alzheimerâ€™s care,,,,,,,,,,
, Senior citizen housing trends,,,,,,,,,,
, Elderly involvement in policymaking,,,,,,,,,,
, Intergenerational solidarity initiatives,,,,,,,,,,
, Organized crime syndicates,,,,,,,,,,
, Smuggling of goods and drugs,,,,,,,,,,
, Financial fraud and scams,,,,,,,,,,
, Forensic science advancements,,,,,,,,,,
, Rise of cyberstalking,,,,,,,,,,
, Human trafficking awareness,,,,,,,,,,
, Rehabilitation of offenders,,,,,,,,,,
, Surveillance technologies in policing,,,,,,,,,,
, Gun control debates,,,,,,,,,,
, Role of community policing,,,,,,,,,,
, Rise of niche fandoms,,,,,,,,,,
, The punk movementâ€™s legacy,,,,,,,,,,
, Steampunk fashion and culture,,,,,,,,,,
, Rise of witchcraft communities,,,,,,,,,,
, Online niche hobby groups,,,,,,,,,,
, Urban exploration (urbex),,,,,,,,,,
, Cosplay and its global impact,,,,,,,,,,
, Cyberpunk aesthetics in art and media,,,,,,,,,,
, DIY anarchist movements,,,,,,,,,,
, Indie music and underground scenes,,,,,,,,,,
, Flying cars: science fiction to reality,,,,,,,,,,
, Autonomous drone delivery,,,,,,,,,,
, Bicycle-friendly urban planning,,,,,,,,,,
, Electric scooters and micromobility,,,,,,,,,,
, Hydrogen-powered vehicles,,,,,,,,,,
, Reimagining long-distance travel,,,,,,,,,,
, Hyperloop challenges and feasibility,,,,,,,,,,
, Crowdsourced transport solutions,,,,,,,,,,
, Passenger safety in self-driving cars,,,,,,,,,,
, Sustainable aviation technologies,,,,,,,,,,
, Burnout in the modern workplace,,,,,,,,,,
, Therapy accessibility and affordability,,,,,,,,,,
, Stigma around mental health disorders,,,,,,,,,,
, Role of mindfulness in daily life,,,,,,,,,,
, Impact of social media on self-esteem,,,,,,,,,,
, Holistic approaches to mental health,,,,,,,,,,
, Role of pets in mental wellness,,,,,,,,,,
, Seasonal affective disorder awareness,,,,,,,,,,
, Community mental health programs,,,,,,,,,,
, Digital mental health tools,,,,,,,,,,
, Revival of endangered traditions,,,,,,,,,,
, Role of festivals in cultural identity,,,,,,,,,,
, Food as a cultural bridge,,,,,,,,,,
, Traditional dances around the world,,,,,,,,,,
, Impact of globalization on cultures,,,,,,,,,,
, Cultural heritage in war zones,,,,,,,,,,
, Diaspora communities and their traditions,,,,,,,,,,
, Craftsmanship and its preservation,,,,,,,,,,
, Language revitalization movements,,,,,,,,,,
, Religious pilgrimages in modern times,,,,,,,,,,
, Right to education campaigns,,,,,,,,,,
, Press freedom under threat,,,,,,,,,,
, Protection of political prisoners,,,,,,,,,,
, Advocacy for digital privacy,,,,,,,,,,
, Refugee rights and resettlement,,,,,,,,,,
, Climate justice movements,,,,,,,,,,
, Child labor eradication efforts,,,,,,,,,,
, Fair labor practices in global trade,,,,,,,,,,
, Rights of stateless individuals,,,,,,,,,,
, Advocacy for marginalized communities,,,,,,,,,,
, Colonization of other planets,,,,,,,,,,
, AI governing systems,,,,,,,,,,
, Post-scarcity economy theories,,,,,,,,,,
, Virtual immortality,,,,,,,,,,
, Brain uploading,,,,,,,,,,
, Self-sustaining eco-cities,,,,,,,,,,
, Zero-gravity living,,,,,,,,,,
, Terraforming planets,,,,,,,,,,
, Universal basic income,,,,,,,,,,
, Human augmentation and superhumans,,,,,,,,,,
, Ethical dilemmas in technology,,,,,,,,,,
, Global music trends,,,,,,,,,,
, AI and education,,,,,,,,,,
, Space archaeology,,,,,,,,,,
, Cryptocurrency regulation,,,,,,,,,,
, Revival of extinct species,,,,,,,,,,
, Global leadership crises,,,,,,,,,,
, Citizen journalism rise,,,,,,,,,,
, Changing dynamics in family structures,,,,,,,,,,
, Urban farming and food sustainability,,,,,,,,,,
, Legacy of Nelson Mandela,,,,,,,,,,
, Contributions of Marie Curie,,,,,,,,,,
, Elon Musk's impact on technology,,,,,,,,,,
, Oprah Winfrey and media influence,,,,,,,,,,
, Greta Thunberg and youth activism,,,,,,,,,,
, Cristiano Ronaldo vs Lionel Messi debates,,,,,,,,,,
, Malala Yousafzaiâ€™s advocacy for education,,,,,,,,,,
, Influence of Jeff Bezos on global commerce,,,,,,,,,,
, Taylor Swiftâ€™s impact on music and culture,,,,,,,,,,
, Historical significance of Mahatma Gandhi,,,,,,,,,,
, Greek mythology in modern media,,,,,,,,,,
, Legends of King Arthur,,,,,,,,,,
, Norse mythology in pop culture,,,,,,,,,,
, Japanese yokai and their stories,,,,,,,,,,
, Native American creation myths,,,,,,,,,,
, Folklore in African storytelling traditions,,,,,,,,,,
, Hindu epics and their lessons,,,,,,,,,,
, Role of fairytales in European cultures,,,,,,,,,,
, Dragons in Eastern and Western mythology,,,,,,,,,,
, Mythological creatures across cultures,,,,,,,,,,
, The science of decision-making,,,,,,,,,,
, Power dynamics in relationships,,,,,,,,,,
, Behavioral economics in marketing,,,,,,,,,,
, The psychology of addiction,,,,,,,,,,
, Emotional intelligence in leadership,,,,,,,,,,
, Influence of childhood trauma,,,,,,,,,,
, The placebo effect in medicine,,,,,,,,,,
, Groupthink in organizations,,,,,,,,,,
, Role of habits in personal growth,,,,,,,,,,
, Evolutionary psychology of attraction,,,,,,,,,,
, Molecular gastronomy innovations,,,,,,,,,,
, Regional variations of pizza,,,,,,,,,,
, Influence of spices on global trade,,,,,,,,,,
, Street food culture worldwide,,,,,,,,,,
, Vegan and plant-based cuisine trends,,,,,,,,,,
, Coffee culture in different countries,,,,,,,,,,
, Baking traditions across the world,,,,,,,,,,
, Wine-making processes and history,,,,,,,,,,
, Fermentation in global cuisines,,,,,,,,,,
, Celebrity chefs and their legacies,,,,,,,,,,
, Life in Antarctica,,,,,,,,,,
, Desert survival techniques,,,,,,,,,,
, Deep-sea exploration challenges,,,,,,,,,,
, Living in extreme altitudes,,,,,,,,,,
, Arctic indigenous survival strategies,,,,,,,,,,
, Space station living conditions,,,,,,,,,,
, Jungle survival stories,,,,,,,,,,
, The psychology of isolation,,,,,,,,,,
, Survival gear advancements,,,,,,,,,,
, Human adaptability to climate extremes,,,,,,,,,,
, Influence of Coco Chanel on womenâ€™s fashion,,,,,,,,,,
, Alexander McQueenâ€™s legacy,,,,,,,,,,
, Streetwear pioneers like Virgil Abloh,,,,,,,,,,
, Audrey Hepburn as a style icon,,,,,,,,,,
, Rise of sneaker culture,,,,,,,,,,
, Evolution of haute couture,,,,,,,,,,
, The Met Galaâ€™s cultural significance,,,,,,,,,,
, Role of fashion weeks worldwide,,,,,,,,,,
, Global impact of traditional garments,,,,,,,,,,
, Trends set by 90s supermodels,,,,,,,,,,
, Carnival in Rio de Janeiro,,,,,,,,,,
, Chinese New Year traditions,,,,,,,,,,
, Indian Holi festival,,,,,,,,,,
, Oktoberfest in Germany,,,,,,,,,,
, Burning Man in Nevada,,,,,,,,,,
, Day of the Dead in Mexico,,,,,,,,,,
, La Tomatina in Spain,,,,,,,,,,
, Cherry Blossom Festival in Japan,,,,,,,,,,
, Eid celebrations around the world,,,,,,,,,,
, Christmas markets in Europe,,,,,,,,,,
, Astrobiology and the search for life,,,,,,,,,,
, Paleoclimatology and ancient climates,,,,,,,,,,
, Neuroplasticity in brain science,,,,,,,,,,
, Bioinformatics in genetics,,,,,,,,,,
, Environmental microbiology,,,,,,,,,,
, Forensic anthropology,,,,,,,,,,
, Exoplanet research,,,,,,,,,,
, Synthetic biology advancements,,,,,,,,,,
, Computational linguistics,,,,,,,,,,
, Cognitive neuroscience,,,,,,,,,,
, Skyscraper engineering marvels,,,,,,,,,,
, Minimalist architecture,,,,,,,,,,
, Revival of Gothic styles,,,,,,,,,,
, Smart city planning innovations,,,,,,,,,,
, Green roofs and urban agriculture,,,,,,,,,,
, Preservation of ancient architecture,,,,,,,,,,
, Futuristic concepts for housing,,,,,,,,,,
, Role of architecture in cultural identity,,,,,,,,,,
, Famous architects like Zaha Hadid,,,,,,,,,,
, Urban sprawl challenges,,,,,,,,,,
, The Bermuda Triangle,,,,,,,,,,
, Mystery of the Dyatlov Pass incident,,,,,,,,,,
, Roswell UFO crash theories,,,,,,,,,,
, Disappearance of Amelia Earhart,,,,,,,,,,
, Lost city of Atlantis,,,,,,,,,,
, The Loch Ness Monster,,,,,,,,,,
, Illuminati conspiracy theories,,,,,,,,,,
, Unsolved Zodiac Killer case,,,,,,,,,,
, Stonehenge and its origins,,,,,,,,,,
, Secrets of the Great Pyramids,,,,,,,,,,
, Influence of The Beatles on modern music,,,,,,,,,,
, Evolution of hip-hop culture,,,,,,,,,,
, Rise of EDM festivals,,,,,,,,,,
, Classical composers like Beethoven and Mozart,,,,,,,,,,
, Jazz legends like Louis Armstrong,,,,,,,,,,
, Pop icons of the 2000s,,,,,,,,,,
, Role of K-pop in global music,,,,,,,,,,
, Folk music revival movements,,,,,,,,,,
, Protest songs and their cultural impact,,,,,,,,,,
, Role of AI in music production,,,,,,,,,,
, Rise of 3D printing for home use,,,,,,,,,,
, DIY renewable energy projects,,,,,,,,,,
, Urban gardening and hydroponics,,,,,,,,,,
, Handcrafting furniture,,,,,,,,,,
, Open-source software development,,,,,,,,,,
, Home brewing and distillation,,,,,,,,,,
, Online crafting communities,,,,,,,,,,
, Upcycling and zero-waste crafting,,,,,,,,,,
, DIY robotics for beginners,,,,,,,,,,
, Restoring vintage vehicles,,,,,,,,,,
, Evolution of stand-up comedy,,,,,,,,,,
, Influence of satire in politics,,,,,,,,,,
, Role of memes in digital culture,,,,,,,,,,
, Comedy sketches in the internet age,,,,,,,,,,
, Global comedy styles and differences,,,,,,,,,,
, Comedy during historical crises,,,,,,,,,,
, Humor in workplace culture,,,,,,,,,,
, Rise of comedy podcasts,,,,,,,,,,
, Impact of comedians like George Carlin,,,,,,,,,,
, Clean vs edgy humor debates,,,,,,,,,,
, Hidden gems in Southeast Asia,,,,,,,,,,
, Backpacking culture,,,,,,,,,,
, Luxury travel trends,,,,,,,,,,
, Remote islands of the world,,,,,,,,,,
, Hiking the worldâ€™s tallest peaks,,,,,,,,,,
, Dark tourism destinations,,,,,,,,,,
, Wildlife safaris in Africa,,,,,,,,,,
, Cruise tourism developments,,,,,,,,,,
, Train journeys through Europe,,,,,,,,,,
, Road trips as cultural exploration,,,,,,,,,,
, Endangered languages of the world,,,,,,,,,,
, Evolution of English as a global language,,,,,,,,,,
, Linguistic diversity in India,,,,,,,,,,
, Artificial languages like Esperanto,,,,,,,,,,
, Code-switching in bilingual communities,,,,,,,,,,
, Role of slang in modern communication,,,,,,,,,,
, Language learning through technology,,,,,,,,,,
, Translation challenges in literature,,,,,,,,,,
, Origins of Proto-Indo-European languages,,,,,,,,,,
, Role of accents in identity,,,,,,,,,,
, Legacy of Barack Obama as the first Black US President,,,,,,,,,,
, Margaret Thatcher and her impact on the UK,,,,,,,,,,
, Role of Angela Merkel in European politics,,,,,,,,,,
, Contributions of Abraham Lincoln during the Civil War,,,,,,,,,,
, Mahatma Gandhiâ€™s role in Indiaâ€™s independence,,,,,,,,,,
, Vladimir Putinâ€™s influence on modern Russia,,,,,,,,,,
, Justin Trudeauâ€™s progressive politics,,,,,,,,,,
, Alexandria Ocasio-Cortez as a voice for millennials,,,,,,,,,,
, Jacinda Ardernâ€™s leadership during crises,,,,,,,,,,
, Historical significance of Winston Churchill,,,,,,,,,,
, Denzel Washingtonâ€™s iconic roles,,,,,,,,,,
, Angelina Jolie as a humanitarian and actress,,,,,,,,,,
, Leonardo DiCaprioâ€™s advocacy for climate change,,,,,,,,,,
, Meryl Streepâ€™s acting legacy,,,,,,,,,,
, Will Smithâ€™s evolution in Hollywood,,,,,,,,,,
, Tom Hanks as Americaâ€™s favorite actor,,,,,,,,,,
, Viola Davisâ€™s groundbreaking performances,,,,,,,,,,
, Scarlett Johanssonâ€™s Marvel Universe journey,,,,,,,,,,
, Jackie Chanâ€™s global martial arts fame,,,,,,,,,,
, Priyanka Chopraâ€™s crossover from Bollywood to Hollywood,,,,,,,,,,
, MrBeastâ€™s philanthropy and content innovation,,,,,,,,,,
, PewDiePie as a YouTube pioneer,,,,,,,,,,
, Emma Chamberlainâ€™s rise in lifestyle vlogging,,,,,,,,,,
, Marques Brownleeâ€™s tech reviews and influence,,,,,,,,,,
, Logan Paulâ€™s controversial yet impactful career,,,,,,,,,,
, Lilly Singh (IISuperwomanII) as a comedic icon,,,,,,,,,,
, Markiplierâ€™s gaming and charity streams,,,,,,,,,,
, Ryanâ€™s World as a kid influencer phenomenon,,,,,,,,,,
, Casey Neistatâ€™s storytelling in daily vlogs,,,,,,,,,,
, Dude Perfectâ€™s creative trick shots,,,,,,,,,,
, Cristiano Ronaldo as the most-followed Instagram personality,,,,,,,,,,
, Selena Gomezâ€™s journey as an influencer and advocate,,,,,,,,,,
, Kylie Jennerâ€™s dominance in beauty and Instagram,,,,,,,,,,
," Dwayne ""The Rock"" Johnsonâ€™s massive social media following",,,,,,,,,,
, Ariana Grandeâ€™s impact on pop culture and Instagram,,,,,,,,,,
, Kim Kardashianâ€™s brand-building through social media,,,,,,,,,,
, Lionel Messiâ€™s global football influence,,,,,,,,,,
, BeyoncÃ©â€™s cultural significance and online presence,,,,,,,,,,
, Taylor Swiftâ€™s loyal fanbase across platforms,,,,,,,,,,
, Billie Eilishâ€™s rise as a Gen Z icon,,,,,,,,,,
, Albert Einsteinâ€™s influence on modern science,,,,,,,,,,
, Cleopatraâ€™s role in ancient Egyptian history,,,,,,,,,,
, Nikola Teslaâ€™s revolutionary inventions,,,,,,,,,,
, Joan of Arcâ€™s fight for France,,,,,,,,,,
, Napoleon Bonaparteâ€™s military genius,,,,,,,,,,
, Julius Caesar and the rise of the Roman Empire,,,,,,,,,,
, Confucius and Eastern philosophy,,,,,,,,,,
, Marie Antoinette and her controversial legacy,,,,,,,,,,
, Leonardo da Vinci as a polymath,,,,,,,,,,
, Vincent van Goghâ€™s posthumous fame,,,,,,,,,,
, Charli Dâ€™Amelio as a TikTok sensation,,,,,,,,,,
, Addison Raeâ€™s TikTok fame and Hollywood ventures,,,,,,,,,,
, Huda Kattanâ€™s rise in beauty blogging,,,,,,,,,,
, Khaby Lameâ€™s comedic dominance on TikTok,,,,,,,,,,
, Zach Kingâ€™s magical editing style,,,,,,,,,,
, NikkieTutorialsâ€™ role in makeup artistry,,,,,,,,,,
, Loren Grayâ€™s music and social media crossover,,,,,,,,,,
, Bhuvan Bam as Indiaâ€™s YouTube star,,,,,,,,,,
, James Charles as a beauty mogul,,,,,,,,,,
, Bella Poarchâ€™s viral rise,,,,,,,,,,
, Usain Bolt as the fastest man alive,,,,,,,,,,
, Serena Williamsâ€™s contributions to tennis and equality,,,,,,,,,,
, LeBron Jamesâ€™s influence on and off the court,,,,,,,,,,
, Simone Bilesâ€™s mental health advocacy in gymnastics,,,,,,,,,,
, Roger Federerâ€™s legacy in tennis,,,,,,,,,,
, Tiger Woodsâ€™s comeback in golf,,,,,,,,,,
, Naomi Osaka as a voice for mental health,,,,,,,,,,
, Michael Phelpsâ€™s dominance in swimming,,,,,,,,,,
, Megan Rapinoeâ€™s fight for equal pay in sports,,,,,,,,,,
, Sachin Tendulkar as cricketâ€™s god,,,,,,,,,,
, J.K. Rowlingâ€™s impact with the Harry Potter series,,,,,,,,,,
, George R.R. Martinâ€™s Game of Thrones influence,,,,,,,,,,
, Stephen King as a master of horror,,,,,,,,,,
, Agatha Christieâ€™s legendary mysteries,,,,,,,,,,
, Jane Austenâ€™s timeless romances,,,,,,,,,,
, Maya Angelouâ€™s powerful poetry,,,,,,,,,,
, William Shakespeareâ€™s influence on literature,,,,,,,,,,
, Chimamanda Ngozi Adichieâ€™s voice in feminism,,,,,,,,,,
, Margaret Atwood and dystopian fiction,,,,,,,,,,
, Ernest Hemingwayâ€™s concise storytelling,,,,,,,,,,
, Michael Jackson as the King of Pop,,,,,,,,,,
, Madonnaâ€™s reinvention of pop music,,,,,,,,,,
, BTSâ€™s global impact as K-pop stars,,,,,,,,,,
, Bob Marleyâ€™s reggae legacy,,,,,,,,,,
, Elvis Presleyâ€™s influence on rock and roll,,,,,,,,,,
, Freddie Mercuryâ€™s role in Queenâ€™s success,,,,,,,,,,
, Adeleâ€™s soulful voice and record-breaking albums,,,,,,,,,,
, Drake as a leader in modern hip-hop,,,,,,,,,,
, Ed Sheeranâ€™s songwriting success,,,,,,,,,,
, Rihannaâ€™s transition from music to fashion,,,,,,,,,,
, Steve Jobsâ€™s innovation with Apple,,,,,,,,,,
, Bill Gatesâ€™s philanthropy and tech contributions,,,,,,,,,,
, Mark Zuckerbergâ€™s role in social media history,,,,,,,,,,
, Richard Bransonâ€™s adventures as a billionaire,,,,,,,,,,
, Sundar Pichaiâ€™s leadership at Google,,,,,,,,,,
, Oprah Winfreyâ€™s journey as a media mogul,,,,,,,,,,
, Larry Page and Sergey Brinâ€™s creation of Google,,,,,,,,,,
, Warren Buffettâ€™s investment strategies,,,,,,,,,,
, Sara Blakelyâ€™s rise with Spanx,,,,,,,,,,
, Elon Muskâ€™s influence across multiple industries,,,,,,,,,,
, Franklin D. Roosevelt during the Great Depression,,,,,,,,,,
, Theodore Rooseveltâ€™s conservation efforts,,,,,,,,,,
, Queen Elizabeth Iâ€™s impact on British history,,,,,,,,,,
, Catherine the Greatâ€™s reforms in Russia,,,,,,,,,,
, Alexander the Greatâ€™s conquests,,,,,,,,,,
, Emperor Akbarâ€™s role in the Mughal Empire,,,,,,,,,,
, Genghis Khanâ€™s expansion of the Mongol Empire,,,,,,,,,,
, George Washington as the first US President,,,,,,,,,,
, AtatÃ¼rkâ€™s modernization of Turkey,,,,,,,,,,
, Nelson Mandelaâ€™s fight against apartheid,,,,,,,,,,
, Narendra Modiâ€™s leadership and policies in India,,,,,,,,,,
, Xi Jinpingâ€™s influence on Chinaâ€™s global strategy,,,,,,,,,,
, Shinzo Abeâ€™s legacy in Japanâ€™s politics,,,,,,,,,,
, Moon Jae-inâ€™s diplomacy with North Korea,,,,,,,,,,
, Mahathir Mohamadâ€™s role in shaping Malaysia,,,,,,,,,,
, Sheikh Hasinaâ€™s leadership in Bangladesh,,,,,,,,,,
, Rodrigo Duterteâ€™s controversial presidency in the Philippines,,,,,,,,,,
, Aung San Suu Kyiâ€™s journey from democracy icon to criticism,,,,,,,,,,
, Lee Kuan Yewâ€™s vision for Singapore,,,,,,,,,,
, Imran Khanâ€™s transition from cricket to politics in Pakistan,,,,,,,,,,
, Mao Zedong and the Chinese Revolution,,,,,,,,,,
, Emperor Meiji and the modernization of Japan,,,,,,,,,,
, Indira Gandhi as Indiaâ€™s first female Prime Minister,,,,,,,,,,
, Ho Chi Minhâ€™s role in Vietnamâ€™s independence,,,,,,,,,,
, Dalai Lamaâ€™s spiritual and political leadership,,,,,,,,,,
, Genghis Khanâ€™s empire-building,,,,,,,,,,
, Confucius and his philosophical legacy,,,,,,,,,,
, Sun Yat-senâ€™s contributions to Chinese nationalism,,,,,,,,,,
, King Sejong and the creation of Hangul in Korea,,,,,,,,,,
, Jawaharlal Nehruâ€™s vision for modern India,,,,,,,,,,
, Jackie Chan as a global action star,,,,,,,,,,
, Priyanka Chopraâ€™s crossover from Bollywood to Hollywood,,,,,,,,,,
, BTSâ€™s role in spreading K-pop worldwide,,,,,,,,,,
, Fan Bingbingâ€™s impact on Chinese cinema,,,,,,,,,,
, Shah Rukh Khan as the King of Bollywood,,,,,,,,,,
, I.M. Peiâ€™s architectural contributions,,,,,,,,,,
, Liu Xiaoboâ€™s fight for human rights in China,,,,,,,,,,
, Akira Kurosawaâ€™s influence on global filmmaking,,,,,,,,,,
, Zhang Ziyiâ€™s international stardom,,,,,,,,,,
, A. R. Rahmanâ€™s global music influence,,,,,,,,,,
, Rabindranath Tagore as Asiaâ€™s first Nobel laureate,,,,,,,,,,
, Ratan Tataâ€™s contributions to philanthropy and business,,,,,,,,,,
, Masayoshi Sonâ€™s innovations in technology investments,,,,,,,,,,
, Ban Ki-moonâ€™s leadership at the United Nations,,,,,,,,,,
, Mo Yanâ€™s literary contributions,,,,,,,,,,
, Yoko Onoâ€™s impact on art and peace movements,,,,,,,,,,
, Zaha Hadidâ€™s architectural masterpieces,,,,,,,,,,
, Ali Babaâ€™s Jack Ma as a business icon,,,,,,,,,,
, Deepika Padukoneâ€™s mental health advocacy,,,,,,,,,,
, Wang Yaping as a trailblazer in Chinese space exploration,,,,,,,,,,
, Malala Yousafzaiâ€™s fight for girlsâ€™ education,,,,,,,,,,
, Kailash Satyarthiâ€™s work against child labor,,,,,,,,,,
, Corazon Aquinoâ€™s leadership in the Philippines,,,,,,,,,,
, Vandana Shivaâ€™s advocacy for environmental sustainability,,,,,,,,,,
, Ai Weiweiâ€™s art and activism for human rights,,,,,,,,,,
, Yasmin Sookaâ€™s work on transitional justice,,,,,,,,,,
, Shirin Ebadiâ€™s contributions to womenâ€™s rights in Iran,,,,,,,,,,
, Liu Xiaâ€™s poetry and activism in China,,,,,,,,,,
, Thich Nhat Hanhâ€™s influence on mindfulness and peace,,,,,,,,,,
, Leymah Gboweeâ€™s peace efforts in Liberia,,,,,,,,,,
, Mukesh Ambaniâ€™s leadership at Reliance Industries,,,,,,,,,,
, Masayoshi Sonâ€™s impact with SoftBank Vision Fund,,,,,,,,,,
, Pony Maâ€™s role in Tencentâ€™s dominance,,,,,,,,,,
, Nadiem Makarimâ€™s creation of Gojek in Indonesia,,,,,,,,,,
, Lee Byung-chulâ€™s founding of Samsung,,,,,,,,,,
, Forrest Liâ€™s leadership in Southeast Asian tech,,,,,,,,,,
, Adi Godrejâ€™s influence on Indian business,,,,,,,,,,
, Tony Fernandesâ€™s revolution in Asian aviation with AirAsia,,,,,,,,,,
, Nobutada Sajiâ€™s contributions to Japanese beverage innovation,,,,,,,,,,
, Zhang Yimingâ€™s creation of TikTok,,,,,,,,,,
, Haruki Murakamiâ€™s surreal storytelling,,,,,,,,,,
, Salman Rushdieâ€™s exploration of identity,,,,,,,,,,
, Arundhati Royâ€™s political and literary contributions,,,,,,,,,,
, Kazuo Ishiguroâ€™s international acclaim,,,,,,,,,,
, Han Kangâ€™s exploration of trauma and beauty,,,,,,,,,,
, Jhumpa Lahiriâ€™s stories of the Indian diaspora,,,,,,,,,,
, Yukio Mishimaâ€™s controversial works,,,,,,,,,,
, Khaled Hosseiniâ€™s depiction of Afghan struggles,,,,,,,,,,
, Kamila Shamsieâ€™s narratives on South Asian history,,,,,,,,,,
, Banana Yoshimotoâ€™s modern Japanese fiction,,,,,,,,,,
, The Green Revolution in India,,,,,,,,,,
, Chinaâ€™s Belt and Road Initiative,,,,,,,,,,
, Partition of India and Pakistan in 1947,,,,,,,,,,
, The Korean War and its lasting impact,,,,,,,,,,
, Vietnam War and its global implications,,,,,,,,,,
, The Cultural Revolution in China,,,,,,,,,,
, The Meiji Restoration in Japan,,,,,,,,,,
, Anti-apartheid movements in Asia,,,,,,,,,,
, The Asian Financial Crisis of 1997,,,,,,,,,,
, Bandung Conference and the Non-Aligned Movement,,,,,,,,,,
, Bollywoodâ€™s influence on global cinema,,,,,,,,,,
, Studio Ghibliâ€™s legacy in animated films,,,,,,,,,,
, Parasiteâ€™s breakthrough in global cinema,,,,,,,,,,
, Wong Kar-waiâ€™s stylistic contributions,,,,,,,,,,
, Satyajit Ray as a pioneer in Indian cinema,,,,,,,,,,
, Bruce Leeâ€™s role in martial arts films,,,,,,,,,,
, Zhang Yimouâ€™s epic historical dramas,,,,,,,,,,
, Akira Kurosawaâ€™s influence on Western filmmaking,,,,,,,,,,
, The rise of Thai horror films,,,,,,,,,,
, Impact of streaming platforms on Asian cinema,,,,,,,,,,
, Japanâ€™s robotics industry,,,,,,,,,,
, Indiaâ€™s Mars Orbiter Mission (Mangalyaan),,,,,,,,,,
, Chinaâ€™s advancements in AI and quantum computing,,,,,,,,,,
, South Koreaâ€™s dominance in 5G technology,,,,,,,,,,
, The rise of fintech in Southeast Asia,,,,,,,,,,
, Singaporeâ€™s smart city initiatives,,,,,,,,,,
, Electric vehicle growth in China,,,,,,,,,,
, Role of Taiwan in semiconductor manufacturing,,,,,,,,,,
, Renewable energy projects in Bhutan,,,,,,,,,,
, Japanâ€™s maglev trains,,,,,,,,,,
, Diwali celebrations in India,,,,,,,,,,
, Chinese New Year across Asia,,,,,,,,,,
, Hanami (Cherry Blossom Festival) in Japan,,,,,,,,,,
, Thaipusam in Malaysia and Singapore,,,,,,,,,,
, Songkran (Thai New Year) in Thailand,,,,,,,,,,
, Eid al-Fitr in Islamic Asia,,,,,,,,,,
, Lunar New Yearâ€™s significance in Vietnam,,,,,,,,,,
, Navruz in Central Asia,,,,,,,,,,
, Holi as the festival of colors in India,,,,,,,,,,
, Dragon Boat Festival in China,,,,,,,,,,
, Leadership styles of successful CEOs,,,,,,,,,,
, Elon Muskâ€™s vision for Tesla and SpaceX,,,,,,,,,,
, Jeff Bezosâ€™s strategic growth at Amazon,,,,,,,,,,
, Satya Nadellaâ€™s transformation of Microsoft,,,,,,,,,,
, Tim Cookâ€™s leadership post-Steve Jobs,,,,,,,,,,
, Visionary strategies of Warren Buffett,,,,,,,,,,
, Corporate governance and ethics in large companies,,,,,,,,,,
, The rise of employee-owned businesses,,,,,,,,,,
, Lessons from family-run businesses,,,,,,,,,,
, Building resilient leadership during crises,,,,,,,,,,
, Key factors for startup success,,,,,,,,,,
, The role of incubators in fostering startups,,,,,,,,,,
, Bootstrapping vs venture capital funding,,,,,,,,,,
, Challenges faced by women entrepreneurs,,,,,,,,,,
, Rise of unicorn startups in Asia,,,,,,,,,,
, Social entrepreneurship for community impact,,,,,,,,,,
, Pivoting business models during a crisis,,,,,,,,,,
, Importance of networking for startup founders,,,,,,,,,,
, Global startup ecosystems: Silicon Valley vs others,,,,,,,,,,
, Micro-entrepreneurship in developing countries,,,,,,,,,,
, Impact of US-China trade wars,,,,,,,,,,
, Emerging markets in Africa and Asia,,,,,,,,,,
, Global supply chain disruptions post-COVID-19,,,,,,,,,,
, Tariffs and their impact on global trade,,,,,,,,,,
, Economic implications of Brexit,,,,,,,,,,
, The rise of digital trade platforms,,,,,,,,,,
, Role of Free Trade Agreements (FTAs),,,,,,,,,,
, Outsourcing and offshoring trends,,,,,,,,,,
, Currency devaluation and trade balances,,,,,,,,,,
, WTOâ€™s role in international commerce,,,,,,,,,,